ID_can,raza,sexo,fecha_consulta,edad,peso
894688,9,FS,1998-10-07T04:00:00Z,0.32,2.449
894688,9,FS,1998-10-10T04:00:00Z,0.327,2.449
894688,9,FS,1998-10-17T04:00:00Z,0.347,2.54
894688,9,FS,1998-10-20T04:00:00Z,0.356,2.585
894688,9,FS,1998-10-25T04:00:00Z,0.369,2.585
894688,9,FS,1998-11-07T05:00:00Z,0.405,2.903
894688,9,FS,1998-11-09T05:00:00Z,0.411,2.903
894688,9,FS,1998-11-15T05:00:00Z,0.426,3.311
894688,9,FS,1998-11-19T05:00:00Z,0.438,3.039
894688,9,FS,1998-12-04T05:00:00Z,0.479,3.039
894688,9,FS,1998-12-17T05:00:00Z,0.513,3.538
894688,9,FS,1998-12-30T05:00:00Z,0.55,3.856
894688,9,FS,1999-01-27T05:00:00Z,0.627,4.082
894688,9,FS,1999-02-19T05:00:00Z,0.69,4.309
894688,9,FS,1999-02-21T05:00:00Z,0.695,4.309
894688,9,FS,1999-02-27T05:00:00Z,0.711,4.445
894688,9,FS,1999-03-02T05:00:00Z,0.72,4.082
894688,9,FS,1999-03-09T05:00:00Z,0.739,4.218
894688,9,FS,1999-03-18T05:00:00Z,0.764,4.264
894688,9,FS,1999-04-02T05:00:00Z,0.805,4.128
894688,9,FS,1999-04-09T04:00:00Z,0.824,4.445
894688,9,FS,1999-04-19T04:00:00Z,0.851,4.445
894688,9,FS,1999-04-29T04:00:00Z,0.879,4.445
894688,9,FS,1999-05-01T04:00:00Z,0.884,4.445
894688,9,FS,1999-05-03T04:00:00Z,0.889,4.309
894688,9,FS,1999-05-03T04:00:00Z,0.889,4.445
894688,9,FS,1999-05-10T04:00:00Z,0.909,4.491
894688,9,FS,1999-06-04T04:00:00Z,0.977,4.672
894688,9,FS,1999-06-16T04:00:00Z,1.009,4.672
894688,9,FS,1999-06-23T04:00:00Z,1.028,4.491
894688,9,FS,1999-07-17T04:00:00Z,1.095,4.672
894688,9,FS,1999-08-04T04:00:00Z,1.145,5.035
894688,9,FS,1999-08-14T04:00:00Z,1.172,5.035
894688,9,FS,1999-08-25T04:00:00Z,1.202,5.035
894688,9,FS,1999-10-16T04:00:00Z,1.344,4.491
894688,9,FS,1999-11-02T05:00:00Z,1.391,4.491
894688,9,FS,1999-11-12T05:00:00Z,1.418,4.672
894688,9,FS,1999-11-26T05:00:00Z,1.456,4.808
894688,9,FS,1999-12-17T05:00:00Z,1.515,4.853
894688,9,FS,1999-12-19T05:00:00Z,1.519,4.853
894688,9,FS,1999-12-26T05:00:00Z,1.539,4.672
894688,9,FS,2000-01-29T05:00:00Z,1.632,4.672
894688,9,FS,2000-03-22T05:00:00Z,1.778,4.763
894688,9,FS,2000-04-08T04:00:00Z,1.824,4.717
894688,9,FS,2000-07-23T04:00:00Z,2.114,4.763
894688,9,FS,2000-07-28T04:00:00Z,2.128,4.763
894688,9,FS,2000-08-03T04:00:00Z,2.144,4.99
894688,9,FS,2000-10-21T04:00:00Z,2.361,4.717
894688,9,FS,2000-11-09T05:00:00Z,2.413,4.581
894688,9,FS,2000-12-16T05:00:00Z,2.514,4.627
894688,9,FS,2000-12-22T05:00:00Z,2.53,4.627
894688,9,FS,2000-12-26T05:00:00Z,2.542,4.627
894688,9,FS,2001-01-04T05:00:00Z,2.566,4.808
894688,9,FS,2001-01-06T05:00:00Z,2.571,4.808
894688,9,FS,2001-01-28T05:00:00Z,2.632,4.853
894688,9,FS,2001-03-12T05:00:00Z,2.75,4.944
1479845,13,MN,2008-07-28T04:00:00Z,1.144,45.541
1479845,13,MN,2008-08-07T04:00:00Z,1.172,44.543
1479845,13,MN,2008-08-18T04:00:00Z,1.201,42.819
1479845,13,MN,2008-08-21T04:00:00Z,1.21,42.91
1479845,13,MN,2008-08-27T04:00:00Z,1.226,43.908
1479845,13,MN,2008-09-03T04:00:00Z,1.245,43.363
1479845,13,MN,2008-09-08T04:00:00Z,1.259,43.001
1479845,13,MN,2008-09-22T04:00:00Z,1.297,41.005
1479845,13,MN,2008-10-03T04:00:00Z,1.327,39.644
1479845,13,MN,2008-10-06T04:00:00Z,1.336,40.279
1479845,13,MN,2008-11-05T05:00:00Z,1.418,40.007
1479845,13,MN,2008-11-19T05:00:00Z,1.456,39.1
1479845,13,MN,2008-12-15T05:00:00Z,1.528,38.828
1479845,13,MN,2008-12-26T05:00:00Z,1.557,38.555
1479845,13,MN,2009-01-05T05:00:00Z,1.585,39.553
1479845,13,MN,2009-01-14T05:00:00Z,1.609,37.739
1479845,13,MN,2009-01-16T05:00:00Z,1.615,39.1
1479845,13,MN,2009-02-16T05:00:00Z,1.701,40.098
1479845,13,MN,2009-03-27T04:00:00Z,1.807,41.64
1479845,13,MN,2009-03-28T04:00:00Z,1.809,41.64
1479845,13,MN,2009-04-06T04:00:00Z,1.835,40.642
1479845,13,MN,2009-04-13T04:00:00Z,1.854,40.46
1479845,13,MN,2009-04-20T04:00:00Z,1.873,41.186
1479845,13,MN,2009-04-27T04:00:00Z,1.892,41.64
1479845,13,MN,2009-05-04T04:00:00Z,1.911,40.188
1479845,13,MN,2009-05-11T04:00:00Z,1.931,40.642
1479845,13,MN,2009-05-18T04:00:00Z,1.95,39.916
1479845,13,MN,2009-05-25T04:00:00Z,1.969,39.825
1479845,13,MN,2009-06-01T04:00:00Z,1.987,39.009
1479845,13,MN,2009-06-04T04:00:00Z,1.996,39.916
1479845,13,MN,2009-06-08T04:00:00Z,2.007,39.916
1479845,13,MN,2009-06-15T04:00:00Z,2.027,39.463
1479845,13,MN,2009-06-22T04:00:00Z,2.045,39.916
1479845,13,MN,2009-06-29T04:00:00Z,2.065,41.277
1479845,13,MN,2009-07-06T04:00:00Z,2.084,39.463
1479845,13,MN,2009-07-13T04:00:00Z,2.103,39.19
1479845,13,MN,2009-07-20T04:00:00Z,2.122,39.916
1479845,13,MN,2009-07-27T04:00:00Z,2.141,41.64
1479845,13,MN,2009-08-03T04:00:00Z,2.161,40.778
1479845,13,MN,2009-08-10T04:00:00Z,2.179,39.463
1479845,13,MN,2009-08-17T04:00:00Z,2.199,39.644
1479845,13,MN,2009-08-21T04:00:00Z,2.21,40.098
1479845,13,MN,2009-08-24T04:00:00Z,2.218,39.009
1479845,13,MN,2009-08-31T04:00:00Z,2.237,39.644
1479845,13,MN,2009-09-07T04:00:00Z,2.256,39.644
1479845,13,MN,2009-09-14T04:00:00Z,2.276,38.828
1479845,13,MN,2009-09-21T04:00:00Z,2.295,39.19
1479845,13,MN,2009-09-28T04:00:00Z,2.314,39.1
1479845,13,MN,2009-10-05T04:00:00Z,2.333,37.92
1479845,13,MN,2009-10-12T04:00:00Z,2.352,37.104
1479845,13,MN,2009-10-19T04:00:00Z,2.372,37.467
1479845,13,MN,2009-10-26T04:00:00Z,2.391,37.376
1479845,13,MN,2009-11-04T05:00:00Z,2.415,36.65
1479845,13,MN,2009-11-09T05:00:00Z,2.429,36.741
1479845,13,MN,2009-11-16T05:00:00Z,2.449,36.378
1479845,13,MN,2009-11-23T05:00:00Z,2.468,37.376
1479845,13,MN,2009-11-30T05:00:00Z,2.487,37.739
1479845,13,MN,2009-12-07T05:00:00Z,2.506,35.834
1479845,13,MN,2009-12-14T05:00:00Z,2.525,35.562
1479845,13,MN,2009-12-21T05:00:00Z,2.544,36.469
1479845,13,MN,2009-12-28T05:00:00Z,2.563,36.106
1479845,13,MN,2010-01-04T05:00:00Z,2.583,35.29
1479845,13,MN,2010-01-10T05:00:00Z,2.599,35.38
1479845,13,MN,2010-03-02T05:00:00Z,2.738,34.7
1479845,13,MN,2010-03-16T04:00:00Z,2.776,34.881
1479845,13,MN,2010-04-08T04:00:00Z,2.84,34.927
1479845,13,MN,2010-06-05T04:00:00Z,2.999,35.698
3447199,31,MN,2011-01-01T05:00:00Z,0.51,22.09
3447199,31,MN,2011-01-18T05:00:00Z,0.556,25.129
3447199,31,MN,2011-01-29T05:00:00Z,0.586,24.948
3447199,31,MN,2011-01-30T05:00:00Z,0.589,26.535
3447199,31,MN,2011-02-10T05:00:00Z,0.619,26.671
3447199,31,MN,2011-03-16T04:00:00Z,0.712,28.576
3447199,31,MN,2011-03-20T04:00:00Z,0.723,28.667
3447199,31,MN,2011-03-27T04:00:00Z,0.742,28.576
3447199,31,MN,2011-04-17T04:00:00Z,0.8,28.44
3447199,31,MN,2011-04-19T04:00:00Z,0.805,27.896
3447199,31,MN,2011-05-03T04:00:00Z,0.843,28.168
3447199,31,MN,2011-05-07T04:00:00Z,0.855,28.123
3447199,31,MN,2011-05-09T04:00:00Z,0.86,27.669
3447199,31,MN,2011-05-09T04:00:00Z,0.86,27.669
3447199,31,MN,2011-05-19T04:00:00Z,0.887,27.216
3447199,31,MN,2011-05-23T04:00:00Z,0.899,28.576
3447199,31,MN,2011-05-29T04:00:00Z,0.915,27.805
3447199,31,MN,2011-06-09T04:00:00Z,0.945,28.803
3447199,31,MN,2011-06-15T04:00:00Z,0.961,29.211
3447199,31,MN,2011-06-25T04:00:00Z,0.989,29.347
3447199,31,MN,2011-08-18T04:00:00Z,1.136,29.121
3447199,31,MN,2011-09-20T04:00:00Z,1.227,28.123
3447199,31,MN,2011-10-12T04:00:00Z,1.288,30.527
3447199,31,MN,2011-10-14T04:00:00Z,1.293,30.527
3447199,31,MN,2011-10-21T04:00:00Z,1.312,30.527
3447199,31,MN,2011-11-09T05:00:00Z,1.365,28.894
3447199,31,MN,2011-12-11T05:00:00Z,1.452,27.805
3447199,31,MN,2011-12-22T05:00:00Z,1.482,28.576
3447199,31,MN,2011-12-29T05:00:00Z,1.501,29.71
3447199,31,MN,2012-02-04T05:00:00Z,1.603,31.752
3447199,31,MN,2012-02-11T05:00:00Z,1.621,29.03
3447199,31,MN,2012-02-24T05:00:00Z,1.658,29.574
3447199,31,MN,2012-03-10T05:00:00Z,1.699,28.894
3447199,31,MN,2012-03-31T04:00:00Z,1.756,31.162
3447199,31,MN,2012-05-14T04:00:00Z,1.877,29.484
3447199,31,MN,2012-05-20T04:00:00Z,1.893,32.976
3447199,31,MN,2012-06-02T04:00:00Z,1.929,30.618
3447199,31,MN,2012-06-13T04:00:00Z,1.958,30.436
3447199,31,MN,2012-06-22T04:00:00Z,1.983,30.436
3447199,31,MN,2012-06-29T04:00:00Z,2.002,30.345
3447199,31,MN,2012-09-23T04:00:00Z,2.238,32.069
3447199,31,MN,2012-09-28T04:00:00Z,2.252,31.343
3447199,31,MN,2012-10-01T04:00:00Z,2.26,32.568
3447199,31,MN,2012-11-03T04:00:00Z,2.35,30.527
3447199,31,MN,2012-11-10T05:00:00Z,2.37,30.436
3447199,31,MN,2012-11-19T05:00:00Z,2.395,29.347
3447199,31,MN,2012-11-20T05:00:00Z,2.398,29.347
3447199,31,MN,2012-11-21T05:00:00Z,2.399,27.805
3447199,31,MN,2012-12-12T05:00:00Z,2.457,28.985
3447199,31,MN,2012-12-26T05:00:00Z,2.495,28.712
3447199,31,MN,2013-01-04T05:00:00Z,2.52,27.533
3447199,31,MN,2013-02-16T05:00:00Z,2.638,29.982
3447199,31,MN,2013-03-02T05:00:00Z,2.677,31.525
2322827,22,FS,2009-01-03T05:00:00Z,0.16,2.087
2322827,22,FS,2009-01-06T05:00:00Z,0.168,2.087
2322827,22,FS,2009-01-10T05:00:00Z,0.179,2.087
2322827,22,FS,2009-01-12T05:00:00Z,0.185,2.087
2322827,22,FS,2009-01-17T05:00:00Z,0.199,2.903
2322827,22,FS,2009-01-24T05:00:00Z,0.218,3.538
2322827,22,FS,2009-02-14T05:00:00Z,0.276,4.536
2322827,22,FS,2009-03-07T05:00:00Z,0.333,5.897
2322827,22,FS,2009-03-09T04:00:00Z,0.339,5.897
2322827,22,FS,2009-03-21T04:00:00Z,0.372,6.078
2322827,22,FS,2009-04-04T04:00:00Z,0.409,6.713
2322827,22,FS,2009-04-15T04:00:00Z,0.44,7.167
2322827,22,FS,2009-04-22T04:00:00Z,0.46,7.167
2322827,22,FS,2009-04-29T04:00:00Z,0.479,7.257
2322827,22,FS,2009-05-15T04:00:00Z,0.521,7.62
2322827,22,FS,2009-05-29T04:00:00Z,0.56,8.255
2322827,22,FS,2009-06-22T04:00:00Z,0.627,8.618
2322827,22,FS,2009-07-22T04:00:00Z,0.709,8.165
2322827,22,FS,2009-11-17T05:00:00Z,1.032,9.888
2322827,22,FS,2009-12-12T05:00:00Z,1.1,9.798
2322827,22,FS,2009-12-19T05:00:00Z,1.12,10.07
2322827,22,FS,2010-01-05T05:00:00Z,1.166,10.342
2322827,22,FS,2010-01-11T05:00:00Z,1.183,9.888
2322827,22,FS,2010-01-23T05:00:00Z,1.215,9.798
2322827,22,FS,2010-02-03T05:00:00Z,1.245,9.525
2322827,22,FS,2010-02-18T05:00:00Z,1.287,9.616
2322827,22,FS,2010-02-26T05:00:00Z,1.308,9.979
2322827,22,FS,2010-03-13T05:00:00Z,1.35,10.16
2322827,22,FS,2010-03-15T04:00:00Z,1.355,10.342
2322827,22,FS,2010-03-30T04:00:00Z,1.396,9.979
2322827,22,FS,2010-04-22T04:00:00Z,1.459,10.16
2322827,22,FS,2010-05-11T04:00:00Z,1.511,10.07
2322827,22,FS,2010-05-15T04:00:00Z,1.522,10.433
2322827,22,FS,2010-05-22T04:00:00Z,1.541,9.888
2322827,22,FS,2010-08-14T04:00:00Z,1.771,10.705
2322827,22,FS,2010-09-11T04:00:00Z,1.848,10.796
2322827,22,FS,2010-10-15T04:00:00Z,1.941,11.158
2322827,22,FS,2010-11-13T05:00:00Z,2.02,11.521
2322827,22,FS,2010-12-04T05:00:00Z,2.078,11.521
2322827,22,FS,2011-02-12T05:00:00Z,2.27,11.975
2322827,22,FS,2011-02-26T05:00:00Z,2.308,11.793
2322827,22,FS,2011-05-14T04:00:00Z,2.519,12.156
2322827,22,FS,2011-05-21T04:00:00Z,2.539,11.884
2322827,22,FS,2011-06-04T04:00:00Z,2.576,11.884
2322827,22,FS,2011-06-18T04:00:00Z,2.615,11.975
2322827,22,FS,2011-06-30T04:00:00Z,2.648,11.431
2322827,22,FS,2011-07-08T04:00:00Z,2.67,12.066
2322827,22,FS,2011-08-23T04:00:00Z,2.795,12.428
2322827,22,FS,2011-09-24T04:00:00Z,2.883,12.519
2322827,22,FS,2011-10-08T04:00:00Z,2.922,11.975
2322827,22,FS,2011-10-24T04:00:00Z,2.966,12.428
2322827,22,FS,2011-10-29T04:00:00Z,2.979,12.066
2322827,22,FS,2011-11-05T04:00:00Z,2.998,11.158
1371784,13,FS,2003-10-28T05:00:00Z,0.124,4.128
1371784,13,FS,2003-10-28T05:00:00Z,0.124,4.128
1371784,13,FS,2003-11-03T05:00:00Z,0.142,5.171
1371784,13,FS,2003-11-03T05:00:00Z,0.142,5.171
1371784,13,FS,2003-11-23T05:00:00Z,0.196,8.936
1371784,13,FS,2003-11-23T05:00:00Z,0.196,8.936
1371784,13,FS,2003-12-08T05:00:00Z,0.237,12.474
1371784,13,FS,2003-12-08T05:00:00Z,0.237,12.474
1371784,13,FS,2003-12-29T05:00:00Z,0.295,19.051
1371784,13,FS,2003-12-29T05:00:00Z,0.295,19.051
1371784,13,FS,2004-01-09T05:00:00Z,0.325,19.051
1371784,13,FS,2004-01-09T05:00:00Z,0.325,19.051
1371784,13,FS,2004-01-23T05:00:00Z,0.363,23.587
1371784,13,FS,2004-01-23T05:00:00Z,0.363,23.587
1371784,13,FS,2004-02-05T05:00:00Z,0.399,27.216
1371784,13,FS,2004-02-05T05:00:00Z,0.399,27.216
1371784,13,FS,2004-02-19T05:00:00Z,0.437,29.03
1371784,13,FS,2004-02-19T05:00:00Z,0.437,29.03
1371784,13,FS,2004-02-26T05:00:00Z,0.457,30.391
1371784,13,FS,2004-02-26T05:00:00Z,0.457,30.391
1371784,13,FS,2004-03-06T05:00:00Z,0.481,31.752
1371784,13,FS,2004-03-06T05:00:00Z,0.481,31.752
1371784,13,FS,2004-05-24T04:00:00Z,0.697,38.102
1371784,13,FS,2004-05-24T04:00:00Z,0.697,38.102
1371784,13,FS,2004-06-09T04:00:00Z,0.741,38.102
1371784,13,FS,2004-06-09T04:00:00Z,0.741,38.102
1371784,13,FS,2004-07-05T04:00:00Z,0.812,39.463
1371784,13,FS,2004-07-05T04:00:00Z,0.812,39.463
1371784,13,FS,2004-07-31T04:00:00Z,0.883,39.463
1371784,13,FS,2004-07-31T04:00:00Z,0.883,39.463
1371784,13,FS,2004-08-29T04:00:00Z,0.964,38.555
1371784,13,FS,2004-08-29T04:00:00Z,0.964,38.555
1371784,13,FS,2004-11-06T05:00:00Z,1.152,42.184
1371784,13,FS,2004-11-06T05:00:00Z,1.152,42.184
1371784,13,FS,2005-01-08T05:00:00Z,1.325,41.731
1371784,13,FS,2005-01-08T05:00:00Z,1.325,41.731
1371784,13,FS,2005-05-01T04:00:00Z,1.634,42.184
1371784,13,FS,2005-05-01T04:00:00Z,1.634,42.184
1371784,13,FS,2005-05-15T04:00:00Z,1.672,43.091
1371784,13,FS,2005-05-15T04:00:00Z,1.672,43.091
1371784,13,FS,2005-06-07T04:00:00Z,1.735,42.184
1371784,13,FS,2005-06-07T04:00:00Z,1.735,42.184
1371784,13,FS,2005-07-10T04:00:00Z,1.826,42.638
1371784,13,FS,2005-07-10T04:00:00Z,1.826,42.638
1371784,13,FS,2005-08-12T04:00:00Z,1.916,42.638
1371784,13,FS,2005-08-12T04:00:00Z,1.916,42.638
1371784,13,FS,2005-12-02T05:00:00Z,2.223,44.906
1371784,13,FS,2005-12-02T05:00:00Z,2.223,44.906
1371784,13,FS,2006-06-04T04:00:00Z,2.727,43.999
1371784,13,FS,2006-06-04T04:00:00Z,2.727,43.999
1371784,13,FS,2006-06-07T04:00:00Z,2.735,43.545
1371784,13,FS,2006-06-07T04:00:00Z,2.735,43.545
1371784,13,FS,2006-08-17T04:00:00Z,2.93,42.638
1371784,13,FS,2006-08-17T04:00:00Z,2.93,42.638
2754856,25,FS,2011-02-15T05:00:00Z,0.09,1.633
2754856,25,FS,2011-02-15T05:00:00Z,0.09,1.633
2754856,25,FS,2011-02-24T05:00:00Z,0.115,1.814
2754856,25,FS,2011-02-24T05:00:00Z,0.115,1.814
2754856,25,FS,2011-03-07T05:00:00Z,0.145,2.359
2754856,25,FS,2011-03-07T05:00:00Z,0.145,2.359
2754856,25,FS,2011-03-13T05:00:00Z,0.162,5.443
2754856,25,FS,2011-03-13T05:00:00Z,0.162,5.443
2754856,25,FS,2011-03-27T04:00:00Z,0.2,8.074
2754856,25,FS,2011-03-27T04:00:00Z,0.2,8.074
2754856,25,FS,2011-04-10T04:00:00Z,0.238,11.249
2754856,25,FS,2011-04-10T04:00:00Z,0.238,11.249
2754856,25,FS,2011-04-18T04:00:00Z,0.261,13.336
2754856,25,FS,2011-04-18T04:00:00Z,0.261,13.336
2754856,25,FS,2011-04-25T04:00:00Z,0.28,15.513
2754856,25,FS,2011-04-25T04:00:00Z,0.28,15.513
2754856,25,FS,2011-05-04T04:00:00Z,0.304,16.964
2754856,25,FS,2011-05-04T04:00:00Z,0.304,16.964
2754856,25,FS,2011-05-05T04:00:00Z,0.307,16.556
2754856,25,FS,2011-05-05T04:00:00Z,0.307,16.556
2754856,25,FS,2011-05-06T04:00:00Z,0.31,17.418
2754856,25,FS,2011-05-06T04:00:00Z,0.31,17.418
2754856,25,FS,2011-05-13T04:00:00Z,0.33,18.416
2754856,25,FS,2011-05-13T04:00:00Z,0.33,18.416
2754856,25,FS,2011-07-25T04:00:00Z,0.528,30.3
2754856,25,FS,2011-07-25T04:00:00Z,0.528,30.3
2754856,25,FS,2011-09-13T04:00:00Z,0.666,33.112
2754856,25,FS,2011-09-13T04:00:00Z,0.666,33.112
2754856,25,FS,2011-10-31T04:00:00Z,0.797,34.564
2754856,25,FS,2011-10-31T04:00:00Z,0.797,34.564
2754856,25,FS,2011-11-07T05:00:00Z,0.816,34.836
2754856,25,FS,2011-11-07T05:00:00Z,0.816,34.836
2754856,25,FS,2012-03-15T04:00:00Z,1.17,35.562
2754856,25,FS,2012-03-15T04:00:00Z,1.17,35.562
2754856,25,FS,2012-03-29T04:00:00Z,1.208,36.015
2754856,25,FS,2012-03-29T04:00:00Z,1.208,36.015
2754856,25,FS,2012-03-30T04:00:00Z,1.211,36.015
2754856,25,FS,2012-03-30T04:00:00Z,1.211,36.015
2754856,25,FS,2012-04-05T04:00:00Z,1.227,35.925
2754856,25,FS,2012-04-05T04:00:00Z,1.227,35.925
2754856,25,FS,2012-04-10T04:00:00Z,1.241,35.652
2754856,25,FS,2012-04-10T04:00:00Z,1.241,35.652
2754856,25,FS,2012-04-12T04:00:00Z,1.246,35.017
2754856,25,FS,2012-04-12T04:00:00Z,1.246,35.017
2754856,25,FS,2012-04-19T04:00:00Z,1.265,35.017
2754856,25,FS,2012-04-19T04:00:00Z,1.265,35.017
2754856,25,FS,2012-05-23T04:00:00Z,1.359,36.287
2754856,25,FS,2012-05-23T04:00:00Z,1.359,36.287
2754856,25,FS,2012-06-05T04:00:00Z,1.394,34.473
2754856,25,FS,2012-06-05T04:00:00Z,1.394,34.473
2754856,25,FS,2012-06-06T04:00:00Z,1.397,34.473
2754856,25,FS,2012-06-06T04:00:00Z,1.397,34.473
2754856,25,FS,2012-06-15T04:00:00Z,1.423,35.38
2754856,25,FS,2012-06-15T04:00:00Z,1.423,35.38
2754856,25,FS,2012-06-15T04:00:00Z,1.422,35.38
2754856,25,FS,2012-06-15T04:00:00Z,1.422,35.38
2754856,25,FS,2012-06-20T04:00:00Z,1.435,34.564
2754856,25,FS,2012-06-20T04:00:00Z,1.435,34.564
2754856,25,FS,2012-06-21T04:00:00Z,1.438,34.564
2754856,25,FS,2012-06-21T04:00:00Z,1.438,34.564
2754856,25,FS,2012-06-26T04:00:00Z,1.452,35.108
2754856,25,FS,2012-06-26T04:00:00Z,1.452,35.108
2754856,25,FS,2012-06-28T04:00:00Z,1.458,34.564
2754856,25,FS,2012-06-28T04:00:00Z,1.458,34.564
1876888,17,M,1999-09-04T04:00:00Z,0.147,1.814
1876888,17,M,1999-09-11T04:00:00Z,0.166,1.769
1876888,17,M,1999-09-18T04:00:00Z,0.185,2.041
1876888,17,M,1999-09-25T04:00:00Z,0.204,2.041
1876888,17,M,1999-10-09T04:00:00Z,0.242,2.585
1876888,17,M,1999-10-16T04:00:00Z,0.262,2.585
1876888,17,M,1999-10-23T04:00:00Z,0.281,2.722
1876888,17,M,1999-11-06T05:00:00Z,0.319,3.946
1876888,17,M,1999-11-20T05:00:00Z,0.357,4.309
1876888,17,M,1999-11-27T05:00:00Z,0.377,4.309
1876888,17,M,1999-12-04T05:00:00Z,0.396,5.488
1876888,17,M,1999-12-11T05:00:00Z,0.415,4.445
1876888,17,M,1999-12-18T05:00:00Z,0.434,4.445
1876888,17,M,1999-12-31T05:00:00Z,0.47,5.987
1876888,17,M,2000-01-08T05:00:00Z,0.492,5.987
1876888,17,M,2000-01-15T05:00:00Z,0.511,5.897
1876888,17,M,2000-01-22T05:00:00Z,0.53,6.305
1876888,17,M,2000-01-29T05:00:00Z,0.549,6.305
1876888,17,M,2000-02-05T05:00:00Z,0.568,6.305
1876888,17,M,2000-02-12T05:00:00Z,0.588,6.305
1876888,17,M,2000-02-19T05:00:00Z,0.607,6.305
1876888,17,M,2000-02-26T05:00:00Z,0.626,6.305
1876888,17,M,2000-03-04T05:00:00Z,0.645,6.305
1876888,17,M,2000-03-11T05:00:00Z,0.664,6.577
1876888,17,M,2000-03-18T05:00:00Z,0.684,6.577
1876888,17,M,2000-03-25T05:00:00Z,0.703,6.577
1876888,17,M,2000-04-01T05:00:00Z,0.722,6.577
1876888,17,M,2000-04-15T04:00:00Z,0.76,6.577
1876888,17,M,2000-04-22T04:00:00Z,0.779,6.577
1876888,17,M,2000-04-29T04:00:00Z,0.799,6.577
1876888,17,M,2000-05-06T04:00:00Z,0.818,6.577
1876888,17,M,2000-05-13T04:00:00Z,0.837,6.577
1876888,17,M,2000-05-27T04:00:00Z,0.875,6.577
1876888,17,M,2000-06-03T04:00:00Z,0.894,6.577
1876888,17,M,2000-06-24T04:00:00Z,0.952,6.577
1876888,17,M,2000-07-01T04:00:00Z,0.971,6.577
1876888,17,M,2000-07-08T04:00:00Z,0.99,6.577
1876888,17,M,2000-07-15T04:00:00Z,1.009,6.577
1876888,17,M,2000-07-22T04:00:00Z,1.029,6.577
1876888,17,M,2000-07-29T04:00:00Z,1.048,6.577
1876888,17,M,2000-08-05T04:00:00Z,1.067,6.577
1876888,17,M,2000-08-12T04:00:00Z,1.086,6.532
1876888,17,M,2000-08-19T04:00:00Z,1.105,6.532
1876888,17,M,2000-08-26T04:00:00Z,1.125,6.532
1876888,17,M,2000-09-02T04:00:00Z,1.144,6.532
1876888,17,M,2000-09-09T04:00:00Z,1.163,6.35
1876888,17,M,2000-09-16T04:00:00Z,1.182,6.35
1876888,17,M,2000-09-23T04:00:00Z,1.201,6.35
1876888,17,M,2000-09-30T04:00:00Z,1.22,6.35
1876888,17,M,2000-10-07T04:00:00Z,1.24,6.35
1876888,17,M,2000-10-14T04:00:00Z,1.259,6.35
1876888,17,M,2000-10-28T04:00:00Z,1.297,6.35
1876888,17,M,2000-11-01T05:00:00Z,1.308,6.35
1876888,17,M,2000-11-04T05:00:00Z,1.317,6.35
1876888,17,M,2000-11-08T05:00:00Z,1.327,6.35
1876888,17,M,2000-11-11T05:00:00Z,1.336,6.35
1876888,17,M,2000-11-15T05:00:00Z,1.346,6.35
1876888,17,M,2000-11-18T05:00:00Z,1.355,6.35
1876888,17,M,2000-11-24T05:00:00Z,1.371,7.257
1876888,17,M,2000-12-02T05:00:00Z,1.393,7.257
1876888,17,M,2000-12-09T05:00:00Z,1.412,6.759
1876888,17,M,2000-12-16T05:00:00Z,1.431,6.759
1876888,17,M,2000-12-16T05:00:00Z,1.432,6.759
1876888,17,M,2000-12-23T05:00:00Z,1.451,6.759
1876888,17,M,2000-12-30T05:00:00Z,1.47,6.759
1876888,17,M,2001-01-06T05:00:00Z,1.489,6.759
1876888,17,M,2001-01-13T05:00:00Z,1.508,6.622
1876888,17,M,2001-01-20T05:00:00Z,1.527,6.622
1876888,17,M,2001-01-27T05:00:00Z,1.547,6.622
1876888,17,M,2001-02-03T05:00:00Z,1.566,6.622
1876888,17,M,2001-02-10T05:00:00Z,1.585,6.622
1876888,17,M,2001-02-17T05:00:00Z,1.604,6.622
1876888,17,M,2001-02-24T05:00:00Z,1.623,6.622
2947588,27,FS,2009-11-08T05:00:00Z,0.341,5.625
2947588,27,FS,2009-11-24T05:00:00Z,0.386,6.26
2947588,27,FS,2009-12-17T05:00:00Z,0.449,7.257
2947588,27,FS,2009-12-28T05:00:00Z,0.478,7.484
2947588,27,FS,2010-01-08T05:00:00Z,0.509,7.938
2947588,27,FS,2010-01-30T05:00:00Z,0.569,8.301
2947588,27,FS,2010-02-13T05:00:00Z,0.607,8.029
2947588,27,FS,2010-02-20T05:00:00Z,0.626,8.709
2947588,27,FS,2010-03-13T05:00:00Z,0.683,8.391
2947588,27,FS,2010-03-19T04:00:00Z,0.7,8.754
2947588,27,FS,2010-03-26T04:00:00Z,0.719,8.89
2947588,27,FS,2010-06-12T04:00:00Z,0.932,9.389
2947588,27,FS,2010-09-27T04:00:00Z,1.226,10.478
2947588,27,FS,2010-10-06T04:00:00Z,1.251,11.839
2947588,27,FS,2010-10-29T04:00:00Z,1.314,11.294
2947588,27,FS,2010-11-27T05:00:00Z,1.393,11.294
2947588,27,FS,2010-12-18T05:00:00Z,1.451,11.158
2947588,27,FS,2011-01-01T05:00:00Z,1.489,11.431
2947588,27,FS,2011-01-15T05:00:00Z,1.527,11.113
2947588,27,FS,2011-02-05T05:00:00Z,1.586,11.703
2947588,27,FS,2011-03-04T05:00:00Z,1.658,11.612
2947588,27,FS,2011-04-22T04:00:00Z,1.794,11.839
2947588,27,FS,2011-05-13T04:00:00Z,1.851,12.156
2947588,27,FS,2011-05-27T04:00:00Z,1.89,11.839
2947588,27,FS,2011-06-26T04:00:00Z,1.971,12.202
2947588,27,FS,2011-06-30T04:00:00Z,1.983,12.202
2947588,27,FS,2011-07-07T04:00:00Z,2.002,11.975
2947588,27,FS,2011-07-15T04:00:00Z,2.024,12.746
2947588,27,FS,2011-07-22T04:00:00Z,2.042,11.703
2947588,27,FS,2011-08-31T04:00:00Z,2.153,11.884
2947588,27,FS,2011-09-09T04:00:00Z,2.177,11.748
2947588,27,FS,2011-09-16T04:00:00Z,2.196,11.476
2947588,27,FS,2011-09-26T04:00:00Z,2.224,11.521
2947588,27,FS,2011-10-11T04:00:00Z,2.265,10.932
2947588,27,FS,2011-10-21T04:00:00Z,2.292,10.75
2947588,27,FS,2011-10-31T04:00:00Z,2.32,10.251
2947588,27,FS,2011-11-15T05:00:00Z,2.36,10.977
2947588,27,FS,2011-12-12T05:00:00Z,2.435,9.616
2947588,27,FS,2011-12-26T05:00:00Z,2.472,9.707
2947588,27,FS,2012-01-09T05:00:00Z,2.512,9.798
2947588,27,FS,2012-01-21T05:00:00Z,2.544,9.344
2947588,27,FS,2012-01-31T05:00:00Z,2.572,9.525
2947588,27,FS,2012-02-04T05:00:00Z,2.583,9.48
2947588,27,FS,2012-02-06T05:00:00Z,2.588,9.571
2947588,27,FS,2012-02-10T05:00:00Z,2.599,9.253
2947588,27,FS,2012-02-13T05:00:00Z,2.607,9.389
2947588,27,FS,2012-02-20T05:00:00Z,2.627,9.389
2947588,27,FS,2012-02-25T05:00:00Z,2.64,9.117
2947588,27,FS,2012-03-03T05:00:00Z,2.659,9.843
2947588,27,FS,2012-03-22T04:00:00Z,2.711,9.026
2947588,27,FS,2012-04-06T04:00:00Z,2.752,9.435
2947588,27,FS,2012-04-20T04:00:00Z,2.791,9.435
2947588,27,FS,2012-05-04T04:00:00Z,2.829,9.979
2947588,27,FS,2012-05-19T04:00:00Z,2.87,9.48
2947588,27,FS,2012-06-01T04:00:00Z,2.906,9.798
2947588,27,FS,2012-06-16T04:00:00Z,2.946,9.752
2947588,27,FS,2012-06-30T04:00:00Z,2.985,9.48
3432693,31,FS,2009-12-28T05:00:00Z,0.161,2.812
3432693,31,FS,2009-12-31T05:00:00Z,0.168,3.629
3432693,31,FS,2010-01-13T05:00:00Z,0.205,5.579
3432693,31,FS,2010-01-20T05:00:00Z,0.224,6.849
3432693,31,FS,2010-01-27T05:00:00Z,0.243,7.802
3432693,31,FS,2010-02-06T05:00:00Z,0.27,9.299
3432693,31,FS,2010-02-13T05:00:00Z,0.289,9.979
3432693,31,FS,2010-02-17T05:00:00Z,0.3,9.979
3432693,31,FS,2010-02-26T05:00:00Z,0.325,13.29
3432693,31,FS,2010-03-20T04:00:00Z,0.385,17.282
3432693,31,FS,2010-04-07T04:00:00Z,0.434,17.146
3432693,31,FS,2010-04-12T04:00:00Z,0.447,18.371
3432693,31,FS,2010-04-16T04:00:00Z,0.459,18.371
3432693,31,FS,2010-04-17T04:00:00Z,0.461,18.371
3432693,31,FS,2010-04-20T04:00:00Z,0.47,18.371
3432693,31,FS,2010-04-26T04:00:00Z,0.487,18.733
3432693,31,FS,2010-04-29T04:00:00Z,0.494,18.597
3432693,31,FS,2010-05-01T04:00:00Z,0.5,18.96
3432693,31,FS,2010-05-25T04:00:00Z,0.565,21.909
3432693,31,FS,2010-06-08T04:00:00Z,0.604,21.909
3432693,31,FS,2010-06-15T04:00:00Z,0.624,23.224
3432693,31,FS,2010-06-16T04:00:00Z,0.626,23.224
3432693,31,FS,2010-06-23T04:00:00Z,0.645,24.267
3432693,31,FS,2010-06-30T04:00:00Z,0.664,24.267
3432693,31,FS,2010-07-16T04:00:00Z,0.709,25.447
3432693,31,FS,2010-07-27T04:00:00Z,0.739,26.172
3432693,31,FS,2010-07-31T04:00:00Z,0.75,26.172
3432693,31,FS,2010-08-10T04:00:00Z,0.776,25.946
3432693,31,FS,2010-08-19T04:00:00Z,0.802,26.807
3432693,31,FS,2010-08-24T04:00:00Z,0.815,26.807
3432693,31,FS,2010-09-01T04:00:00Z,0.837,27.034
3432693,31,FS,2010-09-11T04:00:00Z,0.865,26.263
3432693,31,FS,2010-09-13T04:00:00Z,0.87,26.263
3432693,31,FS,2010-09-17T04:00:00Z,0.881,26.308
3432693,31,FS,2010-09-17T04:00:00Z,0.881,26.308
3432693,31,FS,2010-09-21T04:00:00Z,0.892,26.308
3432693,31,FS,2010-09-27T04:00:00Z,0.908,26.308
3432693,31,FS,2010-10-04T04:00:00Z,0.927,28.259
3432693,31,FS,2010-10-15T04:00:00Z,0.958,28.259
3432693,31,FS,2010-10-23T04:00:00Z,0.979,29.03
3432693,31,FS,2010-10-30T04:00:00Z,0.998,29.03
3432693,31,FS,2010-11-12T05:00:00Z,1.034,29.03
3432693,31,FS,2010-11-20T05:00:00Z,1.056,29.484
3432693,31,FS,2011-01-25T05:00:00Z,1.238,28.486
3432693,31,FS,2011-04-02T04:00:00Z,1.421,28.894
3432693,31,FS,2011-04-14T04:00:00Z,1.454,28.44
3432693,31,FS,2011-06-06T04:00:00Z,1.599,29.574
3432693,31,FS,2011-07-11T04:00:00Z,1.694,30.3
3432693,31,FS,2011-07-23T04:00:00Z,1.728,30.3
3432693,31,FS,2011-08-08T04:00:00Z,1.771,30.858
3432693,31,FS,2011-08-23T04:00:00Z,1.813,30.98
3432693,31,FS,2011-09-28T04:00:00Z,1.91,30.935
3432693,31,FS,2011-11-07T05:00:00Z,2.021,29.574
3432693,31,FS,2011-11-19T05:00:00Z,2.053,30.935
3432693,31,FS,2011-12-01T05:00:00Z,2.087,30.527
3432693,31,FS,2012-01-07T05:00:00Z,2.187,29.529
3432693,31,FS,2012-01-24T05:00:00Z,2.234,29.484
3432693,31,FS,2012-01-25T05:00:00Z,2.237,29.484
3432693,31,FS,2012-04-03T04:00:00Z,2.427,28.849
3432693,31,FS,2012-04-09T04:00:00Z,2.443,28.849
3432693,31,FS,2012-06-02T04:00:00Z,2.591,28.849
3432693,31,FS,2012-09-17T04:00:00Z,2.884,29.846
3432693,31,FS,2012-10-03T04:00:00Z,2.927,30.391
3361731,31,FS,2006-02-03T05:00:00Z,0.193,6.804
3361731,31,FS,2006-02-23T05:00:00Z,0.248,6.214
3361731,31,FS,2006-02-27T05:00:00Z,0.259,6.26
3361731,31,FS,2006-03-16T05:00:00Z,0.306,8.165
3361731,31,FS,2006-04-10T04:00:00Z,0.374,11.612
3361731,31,FS,2006-04-22T04:00:00Z,0.407,11.612
3361731,31,FS,2006-04-27T04:00:00Z,0.42,12.247
3361731,31,FS,2006-05-06T04:00:00Z,0.445,12.247
3361731,31,FS,2006-05-26T04:00:00Z,0.5,13.653
3361731,31,FS,2006-07-08T04:00:00Z,0.618,17.373
3361731,31,FS,2006-07-10T04:00:00Z,0.624,17.237
3361731,31,FS,2006-07-11T04:00:00Z,0.626,16.783
3361731,31,FS,2006-07-14T04:00:00Z,0.635,16.783
3361731,31,FS,2006-07-25T04:00:00Z,0.665,18.371
3361731,31,FS,2006-08-07T04:00:00Z,0.7,19.504
3361731,31,FS,2006-08-15T04:00:00Z,0.722,19.006
3361731,31,FS,2006-08-22T04:00:00Z,0.741,18.28
3361731,31,FS,2006-09-19T04:00:00Z,0.818,17.735
3361731,31,FS,2006-09-26T04:00:00Z,0.837,18.234
3361731,31,FS,2006-09-30T04:00:00Z,0.848,20.049
3361731,31,FS,2006-10-30T05:00:00Z,0.93,20.412
3361731,31,FS,2006-11-03T05:00:00Z,0.942,19.504
3361731,31,FS,2006-11-07T05:00:00Z,0.952,19.958
3361731,31,FS,2006-11-14T05:00:00Z,0.971,20.911
3361731,31,FS,2007-03-02T05:00:00Z,1.267,19.504
3361731,31,FS,2007-04-03T04:00:00Z,1.355,19.459
3361731,31,FS,2007-05-14T04:00:00Z,1.467,20.684
3361731,31,FS,2007-05-21T04:00:00Z,1.487,20.638
3361731,31,FS,2007-05-26T04:00:00Z,1.5,20.638
3361731,31,FS,2007-06-04T04:00:00Z,1.525,20.412
3361731,31,FS,2007-07-17T04:00:00Z,1.643,19.641
3361731,31,FS,2007-07-29T04:00:00Z,1.676,19.731
3361731,31,FS,2007-08-24T04:00:00Z,1.747,19.958
3361731,31,FS,2008-01-29T05:00:00Z,2.179,18.144
3361731,31,FS,2008-02-04T05:00:00Z,2.196,22.226
3361731,31,FS,2008-02-08T05:00:00Z,2.207,21.546
3361731,31,FS,2008-03-03T05:00:00Z,2.272,20.82
3361731,31,FS,2008-03-10T04:00:00Z,2.292,20.638
3361731,31,FS,2008-03-14T04:00:00Z,2.302,20.638
3361731,31,FS,2008-03-30T04:00:00Z,2.347,21.092
3361731,31,FS,2008-04-04T04:00:00Z,2.361,20.911
3361731,31,FS,2008-04-07T04:00:00Z,2.369,20.321
3361731,31,FS,2008-04-09T04:00:00Z,2.374,19.867
3361731,31,FS,2008-04-11T04:00:00Z,2.379,19.913
3361731,31,FS,2008-04-14T04:00:00Z,2.387,20.276
3361731,31,FS,2008-04-18T04:00:00Z,2.399,21.137
3361731,31,FS,2008-04-25T04:00:00Z,2.418,21.274
3361731,31,FS,2008-04-28T04:00:00Z,2.426,20.502
3361731,31,FS,2008-05-02T04:00:00Z,2.437,20.865
3361731,31,FS,2008-05-09T04:00:00Z,2.456,22.181
3361731,31,FS,2008-06-02T04:00:00Z,2.522,22.77
3361731,31,FS,2008-06-18T04:00:00Z,2.566,22.135
3361731,31,FS,2008-07-07T04:00:00Z,2.618,21.909
3361731,31,FS,2008-09-08T04:00:00Z,2.79,21.727
3361731,31,FS,2008-09-16T04:00:00Z,2.813,22.725
3361731,31,FS,2008-09-22T04:00:00Z,2.829,21.863
1059868,12,MN,2005-06-17T04:00:00Z,0.586,6.35
1059868,12,MN,2005-06-25T04:00:00Z,0.607,6.35
1059868,12,MN,2005-07-15T04:00:00Z,0.661,6.622
1059868,12,MN,2005-09-27T04:00:00Z,0.865,8.074
1059868,12,MN,2006-01-05T05:00:00Z,1.138,8.618
1059868,12,MN,2006-03-31T05:00:00Z,1.371,7.711
1059868,12,MN,2006-04-21T04:00:00Z,1.428,9.117
1059868,12,MN,2006-04-25T04:00:00Z,1.44,7.394
1059868,12,MN,2006-04-26T04:00:00Z,1.442,7.257
1059868,12,MN,2006-04-27T04:00:00Z,1.445,7.257
1059868,12,MN,2006-04-28T04:00:00Z,1.447,7.257
1059868,12,MN,2006-05-08T04:00:00Z,1.475,7.575
1059868,12,MN,2006-05-26T04:00:00Z,1.525,7.575
1059868,12,MN,2006-05-28T04:00:00Z,1.53,7.575
1059868,12,MN,2006-07-07T04:00:00Z,1.639,7.711
1059868,12,MN,2006-07-12T04:00:00Z,1.654,7.575
1059868,12,MN,2006-11-07T05:00:00Z,1.976,8.119
1059868,12,MN,2006-11-20T05:00:00Z,2.012,8.165
1059868,12,MN,2006-12-20T05:00:00Z,2.094,8.301
1059868,12,MN,2007-03-21T04:00:00Z,2.343,8.165
1059868,12,MN,2007-04-14T04:00:00Z,2.41,8.165
1059868,12,MN,2007-05-02T04:00:00Z,2.458,8.119
1059868,12,MN,2007-05-11T04:00:00Z,2.483,8.255
1059868,12,MN,2007-06-10T04:00:00Z,2.566,7.847
1059868,12,MN,2007-06-14T04:00:00Z,2.576,7.847
1059868,12,MN,2007-06-30T04:00:00Z,2.62,7.893
1059868,12,MN,2007-07-03T04:00:00Z,2.628,7.893
1059868,12,MN,2007-07-05T04:00:00Z,2.634,7.53
1059868,12,MN,2007-07-08T04:00:00Z,2.643,7.983
1059868,12,MN,2007-07-11T04:00:00Z,2.65,7.983
1059868,12,MN,2007-07-16T04:00:00Z,2.664,8.029
1059868,12,MN,2007-07-20T04:00:00Z,2.675,7.893
1059868,12,MN,2007-07-28T04:00:00Z,2.697,8.074
1059868,12,MN,2007-08-03T04:00:00Z,2.714,8.074
1059868,12,MN,2007-08-07T04:00:00Z,2.724,8.074
1059868,12,MN,2007-08-11T04:00:00Z,2.735,8.074
1059868,12,MN,2007-08-15T04:00:00Z,2.746,8.074
1059868,12,MN,2007-08-19T04:00:00Z,2.757,8.301
1059868,12,MN,2007-08-24T04:00:00Z,2.771,8.301
1059868,12,MN,2007-08-29T04:00:00Z,2.786,8.255
1059868,12,MN,2007-08-31T04:00:00Z,2.791,8.255
1059868,12,MN,2007-09-05T04:00:00Z,2.805,8.255
1059868,12,MN,2007-09-09T04:00:00Z,2.815,8.255
1059868,12,MN,2007-09-12T04:00:00Z,2.824,8.528
1059868,12,MN,2007-09-16T04:00:00Z,2.834,8.528
1059868,12,MN,2007-09-19T04:00:00Z,2.843,8.528
1059868,12,MN,2007-09-22T04:00:00Z,2.851,8.437
1059868,12,MN,2007-09-26T04:00:00Z,2.862,8.528
1059868,12,MN,2007-09-30T04:00:00Z,2.873,8.301
1059868,12,MN,2007-10-03T04:00:00Z,2.882,8.301
1059868,12,MN,2007-10-27T04:00:00Z,2.946,8.528
3424104,31,FS,2009-07-15T04:00:00Z,0.385,14.288
3424104,31,FS,2009-07-15T04:00:00Z,0.386,14.288
3424104,31,FS,2009-07-16T04:00:00Z,0.387,14.288
3424104,31,FS,2009-07-17T04:00:00Z,0.391,13.925
3424104,31,FS,2009-07-20T04:00:00Z,0.398,13.154
3424104,31,FS,2009-07-20T04:00:00Z,0.399,13.154
3424104,31,FS,2009-07-29T04:00:00Z,0.423,15.059
3424104,31,FS,2009-08-12T04:00:00Z,0.461,16.556
3424104,31,FS,2009-08-20T04:00:00Z,0.483,16.738
3424104,31,FS,2009-09-02T04:00:00Z,0.519,17.418
3424104,31,FS,2009-09-23T04:00:00Z,0.577,18.234
3424104,31,FS,2009-10-18T04:00:00Z,0.645,19.595
3424104,31,FS,2009-10-26T04:00:00Z,0.668,20.548
3424104,31,FS,2009-11-02T05:00:00Z,0.687,20.548
3424104,31,FS,2009-11-02T05:00:00Z,0.686,20.502
3424104,31,FS,2009-11-04T05:00:00Z,0.692,19.867
3424104,31,FS,2009-11-12T05:00:00Z,0.714,21.455
3424104,31,FS,2009-11-16T05:00:00Z,0.725,21.274
3424104,31,FS,2009-12-14T05:00:00Z,0.802,23.451
3424104,31,FS,2010-02-07T05:00:00Z,0.952,22.226
3424104,31,FS,2010-02-17T05:00:00Z,0.979,23.405
3424104,31,FS,2010-02-19T05:00:00Z,0.985,22.09
3424104,31,FS,2010-02-26T05:00:00Z,1.004,22.544
3424104,31,FS,2010-05-27T04:00:00Z,1.251,23.768
3424104,31,FS,2010-07-04T04:00:00Z,1.355,23.541
3424104,31,FS,2010-07-26T04:00:00Z,1.415,22.181
3424104,31,FS,2010-08-01T04:00:00Z,1.432,21.999
3424104,31,FS,2010-08-22T04:00:00Z,1.489,23.088
3424104,31,FS,2010-08-26T04:00:00Z,1.5,23.133
3424104,31,FS,2010-08-30T04:00:00Z,1.512,23.36
3424104,31,FS,2010-09-03T04:00:00Z,1.522,23.088
3424104,31,FS,2010-09-17T04:00:00Z,1.561,23.224
3424104,31,FS,2010-10-01T04:00:00Z,1.599,23.224
3424104,31,FS,2010-10-05T04:00:00Z,1.609,23.36
3424104,31,FS,2010-10-19T04:00:00Z,1.648,23.814
3424104,31,FS,2010-11-02T04:00:00Z,1.687,23.269
3424104,31,FS,2010-11-19T05:00:00Z,1.733,24.403
3424104,31,FS,2010-12-08T05:00:00Z,1.785,24.403
3424104,31,FS,2010-12-19T05:00:00Z,1.815,24.449
3424104,31,FS,2011-01-04T05:00:00Z,1.859,23.832
3424104,31,FS,2011-01-18T05:00:00Z,1.897,23.315
3424104,31,FS,2011-02-11T05:00:00Z,1.963,22.816
3424104,31,FS,2011-02-22T05:00:00Z,1.993,23.632
3424104,31,FS,2011-03-11T05:00:00Z,2.04,23.587
3424104,31,FS,2011-03-30T04:00:00Z,2.092,24.086
3424104,31,FS,2011-04-13T04:00:00Z,2.13,23.587
3424104,31,FS,2011-05-13T04:00:00Z,2.212,23.587
3424104,31,FS,2011-05-28T04:00:00Z,2.253,23.133
3424104,31,FS,2011-07-28T04:00:00Z,2.42,24.494
3424104,31,FS,2011-09-06T04:00:00Z,2.53,23.451
3424104,31,FS,2011-09-12T04:00:00Z,2.547,23.95
3424104,31,FS,2011-09-23T04:00:00Z,2.577,23.088
3424104,31,FS,2011-10-23T04:00:00Z,2.659,22.271
3424104,31,FS,2011-12-19T05:00:00Z,2.815,23.541
3424104,31,FS,2012-01-20T05:00:00Z,2.902,24.267
1120781,12,MN,2008-11-15T05:00:00Z,0.421,3.538
1120781,12,MN,2008-11-19T05:00:00Z,0.432,3.357
1120781,12,MN,2008-11-22T05:00:00Z,0.44,3.992
1120781,12,MN,2008-11-29T05:00:00Z,0.459,4.264
1120781,12,MN,2008-12-03T05:00:00Z,0.469,4.354
1120781,12,MN,2008-12-05T05:00:00Z,0.475,4.354
1120781,12,MN,2008-12-20T05:00:00Z,0.516,4.99
1120781,12,MN,2008-12-27T05:00:00Z,0.536,4.99
1120781,12,MN,2009-01-15T05:00:00Z,0.588,5.625
1120781,12,MN,2009-02-05T05:00:00Z,0.646,5.987
1120781,12,MN,2009-02-12T05:00:00Z,0.664,5.987
1120781,12,MN,2009-02-19T05:00:00Z,0.683,5.625
1120781,12,MN,2009-02-25T05:00:00Z,0.7,5.987
1120781,12,MN,2009-02-28T05:00:00Z,0.709,5.987
1120781,12,MN,2009-03-05T05:00:00Z,0.722,5.897
1120781,12,MN,2009-03-11T04:00:00Z,0.738,6.169
1120781,12,MN,2009-03-13T04:00:00Z,0.744,6.169
1120781,12,MN,2009-03-18T04:00:00Z,0.758,5.715
1120781,12,MN,2009-04-03T04:00:00Z,0.802,6.441
1120781,12,MN,2009-04-04T04:00:00Z,0.804,6.441
1120781,12,MN,2009-04-05T04:00:00Z,0.807,5.987
1120781,12,MN,2009-04-09T04:00:00Z,0.818,5.715
1120781,12,MN,2009-04-13T04:00:00Z,0.829,5.625
1120781,12,MN,2009-04-22T04:00:00Z,0.854,5.897
1120781,12,MN,2009-05-03T04:00:00Z,0.884,6.622
1120781,12,MN,2009-05-09T04:00:00Z,0.9,6.713
1120781,12,MN,2009-05-20T04:00:00Z,0.931,6.532
1120781,12,MN,2009-05-27T04:00:00Z,0.949,6.895
1120781,12,MN,2009-05-29T04:00:00Z,0.955,6.713
1120781,12,MN,2009-06-10T04:00:00Z,0.988,6.804
1120781,12,MN,2009-06-15T04:00:00Z,1.001,6.895
1120781,12,MN,2009-08-15T04:00:00Z,1.169,7.348
1120781,12,MN,2009-08-26T04:00:00Z,1.199,7.439
1120781,12,MN,2009-09-24T04:00:00Z,1.278,7.348
1120781,12,MN,2009-09-25T04:00:00Z,1.281,7.167
1120781,12,MN,2009-10-04T04:00:00Z,1.306,7.439
1120781,12,MN,2009-10-11T04:00:00Z,1.325,7.439
1120781,12,MN,2009-10-16T04:00:00Z,1.339,7.439
1120781,12,MN,2009-10-19T04:00:00Z,1.346,7.257
1120781,12,MN,2009-10-28T04:00:00Z,1.372,7.348
1120781,12,MN,2009-11-02T05:00:00Z,1.385,7.348
1120781,12,MN,2009-11-13T05:00:00Z,1.415,7.348
1120781,12,MN,2009-12-04T05:00:00Z,1.473,7.62
1120781,12,MN,2009-12-10T05:00:00Z,1.489,7.348
1120781,12,MN,2009-12-21T05:00:00Z,1.52,7.439
1120781,12,MN,2009-12-30T05:00:00Z,1.544,7.62
1120781,12,MN,2010-01-09T05:00:00Z,1.571,7.62
1120781,12,MN,2010-01-16T05:00:00Z,1.591,7.62
1120781,12,MN,2010-01-26T05:00:00Z,1.618,7.076
1120781,12,MN,2010-02-01T05:00:00Z,1.635,7.711
1120781,12,MN,2010-02-11T05:00:00Z,1.662,7.53
1120781,12,MN,2010-02-22T05:00:00Z,1.692,7.711
1120781,12,MN,2010-03-04T05:00:00Z,1.719,7.167
1120781,12,MN,2010-03-19T04:00:00Z,1.761,7.439
1120781,12,MN,2010-03-31T04:00:00Z,1.794,7.53
1120781,12,MN,2010-04-12T04:00:00Z,1.827,7.802
1120781,12,MN,2010-04-29T04:00:00Z,1.873,7.53
1120781,12,MN,2010-05-23T04:00:00Z,1.939,6.622
1120781,12,MN,2010-06-03T04:00:00Z,1.968,7.62
1120781,12,MN,2010-06-10T04:00:00Z,1.988,7.62
1120781,12,MN,2010-06-28T04:00:00Z,2.037,7.802
1120781,12,MN,2010-07-05T04:00:00Z,2.057,7.62
1120781,12,MN,2010-07-08T04:00:00Z,2.065,8.074
1120781,12,MN,2010-07-12T04:00:00Z,2.076,7.802
1120781,12,MN,2010-07-17T04:00:00Z,2.089,7.893
1120781,12,MN,2010-07-22T04:00:00Z,2.103,7.893
1120781,12,MN,2010-07-25T04:00:00Z,2.111,7.802
1120781,12,MN,2010-08-01T04:00:00Z,2.13,7.62
1120781,12,MN,2010-08-11T04:00:00Z,2.158,7.439
1120781,12,MN,2010-08-21T04:00:00Z,2.185,7.257
1120781,12,MN,2010-09-11T04:00:00Z,2.243,6.985
1120781,12,MN,2010-09-20T04:00:00Z,2.268,7.53
1120781,12,MN,2010-10-21T04:00:00Z,2.352,7.348
1120781,12,MN,2010-10-31T04:00:00Z,2.38,7.257
1120781,12,MN,2010-11-04T04:00:00Z,2.391,7.257
1120781,12,MN,2010-11-27T05:00:00Z,2.453,7.257
1120781,12,MN,2010-12-04T05:00:00Z,2.473,7.439
1120781,12,MN,2010-12-18T05:00:00Z,2.511,7.439
1120781,12,MN,2010-12-29T05:00:00Z,2.542,7.167
1120781,12,MN,2011-01-05T05:00:00Z,2.561,7.802
1120781,12,MN,2011-01-16T05:00:00Z,2.591,7.802
1120781,12,MN,2011-01-22T05:00:00Z,2.607,7.62
1120781,12,MN,2011-02-17T05:00:00Z,2.679,8.074
1120781,12,MN,2011-02-27T05:00:00Z,2.706,7.62
1120781,12,MN,2011-03-10T05:00:00Z,2.735,7.62
1120781,12,MN,2011-03-19T04:00:00Z,2.76,7.711
1120781,12,MN,2011-04-21T04:00:00Z,2.851,7.802
1120781,12,MN,2011-05-02T04:00:00Z,2.88,7.62
1120781,12,MN,2011-05-18T04:00:00Z,2.925,7.53
1120781,12,MN,2011-06-02T04:00:00Z,2.966,7.348
2140227,20,MN,2007-01-20T05:00:00Z,0.36,1.996
2140227,20,MN,2007-01-20T05:00:00Z,0.36,1.996
2140227,20,MN,2007-02-11T05:00:00Z,0.42,3.13
2140227,20,MN,2007-02-11T05:00:00Z,0.42,3.13
2140227,20,MN,2007-03-03T05:00:00Z,0.475,3.81
2140227,20,MN,2007-03-03T05:00:00Z,0.475,3.81
2140227,20,MN,2007-03-20T04:00:00Z,0.522,3.81
2140227,20,MN,2007-03-20T04:00:00Z,0.522,3.81
2140227,20,MN,2007-03-27T04:00:00Z,0.541,4.264
2140227,20,MN,2007-03-27T04:00:00Z,0.541,4.264
2140227,20,MN,2007-04-09T04:00:00Z,0.576,4.491
2140227,20,MN,2007-04-09T04:00:00Z,0.576,4.491
2140227,20,MN,2007-05-19T04:00:00Z,0.687,6.26
2140227,20,MN,2007-05-19T04:00:00Z,0.687,6.26
2140227,20,MN,2007-06-26T04:00:00Z,0.79,5.579
2140227,20,MN,2007-06-26T04:00:00Z,0.79,5.579
2140227,20,MN,2007-07-05T04:00:00Z,0.815,6.169
2140227,20,MN,2007-07-05T04:00:00Z,0.815,6.169
2140227,20,MN,2007-07-08T04:00:00Z,0.824,6.169
2140227,20,MN,2007-07-08T04:00:00Z,0.824,6.169
2140227,20,MN,2007-08-03T04:00:00Z,0.895,6.577
2140227,20,MN,2007-08-03T04:00:00Z,0.895,6.577
2140227,20,MN,2007-08-31T04:00:00Z,0.971,6.577
2140227,20,MN,2007-08-31T04:00:00Z,0.971,6.577
2140227,20,MN,2007-09-25T04:00:00Z,1.04,6.577
2140227,20,MN,2007-09-25T04:00:00Z,1.04,6.577
2140227,20,MN,2007-10-20T04:00:00Z,1.108,6.35
2140227,20,MN,2007-10-20T04:00:00Z,1.108,6.35
2140227,20,MN,2008-01-09T05:00:00Z,1.33,6.35
2140227,20,MN,2008-01-09T05:00:00Z,1.33,6.35
2140227,20,MN,2008-02-06T05:00:00Z,1.407,6.895
2140227,20,MN,2008-02-06T05:00:00Z,1.407,6.895
2140227,20,MN,2008-03-12T04:00:00Z,1.502,7.076
2140227,20,MN,2008-03-12T04:00:00Z,1.502,7.076
2140227,20,MN,2008-04-01T04:00:00Z,1.558,7.076
2140227,20,MN,2008-04-01T04:00:00Z,1.558,7.076
2140227,20,MN,2008-05-07T04:00:00Z,1.656,7.076
2140227,20,MN,2008-05-07T04:00:00Z,1.656,7.076
2140227,20,MN,2008-06-13T04:00:00Z,1.758,6.804
2140227,20,MN,2008-06-13T04:00:00Z,1.758,6.804
2140227,20,MN,2008-07-13T04:00:00Z,1.84,6.895
2140227,20,MN,2008-07-13T04:00:00Z,1.84,6.895
2140227,20,MN,2008-07-16T04:00:00Z,1.847,6.895
2140227,20,MN,2008-07-16T04:00:00Z,1.847,6.895
2140227,20,MN,2008-07-25T04:00:00Z,1.873,6.895
2140227,20,MN,2008-07-25T04:00:00Z,1.873,6.895
2140227,20,MN,2008-11-12T05:00:00Z,2.174,7.257
2140227,20,MN,2008-11-12T05:00:00Z,2.174,7.257
2140227,20,MN,2008-11-24T05:00:00Z,2.206,7.439
2140227,20,MN,2008-11-24T05:00:00Z,2.206,7.439
2140227,20,MN,2008-12-01T05:00:00Z,2.227,7.439
2140227,20,MN,2008-12-01T05:00:00Z,2.227,7.439
2140227,20,MN,2008-12-09T05:00:00Z,2.248,7.439
2140227,20,MN,2008-12-09T05:00:00Z,2.248,7.439
2140227,20,MN,2008-12-11T05:00:00Z,2.254,7.439
2140227,20,MN,2008-12-11T05:00:00Z,2.254,7.439
2140227,20,MN,2008-12-22T05:00:00Z,2.284,7.462
2140227,20,MN,2008-12-22T05:00:00Z,2.284,7.462
2140227,20,MN,2008-12-30T05:00:00Z,2.305,7.462
2140227,20,MN,2008-12-30T05:00:00Z,2.305,7.462
2140227,20,MN,2009-01-07T05:00:00Z,2.327,7.462
2140227,20,MN,2009-01-07T05:00:00Z,2.327,7.462
2140227,20,MN,2009-01-15T05:00:00Z,2.349,7.462
2140227,20,MN,2009-01-15T05:00:00Z,2.349,7.462
2140227,20,MN,2009-01-30T05:00:00Z,2.39,7.462
2140227,20,MN,2009-01-30T05:00:00Z,2.39,7.462
2140227,20,MN,2009-03-09T04:00:00Z,2.494,7.484
2140227,20,MN,2009-03-09T04:00:00Z,2.494,7.484
2140227,20,MN,2009-03-25T04:00:00Z,2.538,7.484
2140227,20,MN,2009-03-25T04:00:00Z,2.538,7.484
2140227,20,MN,2009-05-28T04:00:00Z,2.713,7.711
2140227,20,MN,2009-05-28T04:00:00Z,2.713,7.711
2140227,20,MN,2009-09-02T04:00:00Z,2.979,7.711
2140227,20,MN,2009-09-02T04:00:00Z,2.979,7.711
1149517,12,FS,2009-10-18T04:00:00Z,0.264,1.996
1149517,12,FS,2009-10-24T04:00:00Z,0.281,2.087
1149517,12,FS,2009-10-30T04:00:00Z,0.297,2.223
1149517,12,FS,2009-11-06T05:00:00Z,0.316,2.449
1149517,12,FS,2009-11-13T05:00:00Z,0.335,2.54
1149517,12,FS,2009-11-20T05:00:00Z,0.354,2.631
1149517,12,FS,2009-11-24T05:00:00Z,0.365,2.631
1149517,12,FS,2009-11-27T05:00:00Z,0.374,2.948
1149517,12,FS,2009-12-04T05:00:00Z,0.393,3.084
1149517,12,FS,2009-12-11T05:00:00Z,0.412,3.175
1149517,12,FS,2009-12-16T05:00:00Z,0.426,3.221
1149517,12,FS,2009-12-23T05:00:00Z,0.445,3.493
1149517,12,FS,2009-12-30T05:00:00Z,0.464,3.538
1149517,12,FS,2010-01-05T05:00:00Z,0.481,3.719
1149517,12,FS,2010-01-07T05:00:00Z,0.486,3.674
1149517,12,FS,2010-01-13T05:00:00Z,0.502,3.719
1149517,12,FS,2010-01-21T05:00:00Z,0.524,4.717
1149517,12,FS,2010-01-30T05:00:00Z,0.549,3.856
1149517,12,FS,2010-02-16T05:00:00Z,0.596,4.445
1149517,12,FS,2010-02-19T05:00:00Z,0.604,4.445
1149517,12,FS,2010-03-07T05:00:00Z,0.648,4.808
1149517,12,FS,2010-04-06T04:00:00Z,0.73,4.899
1149517,12,FS,2010-04-10T04:00:00Z,0.741,4.899
1149517,12,FS,2010-04-16T04:00:00Z,0.757,4.899
1149517,12,FS,2010-04-23T04:00:00Z,0.776,4.99
1149517,12,FS,2010-05-03T04:00:00Z,0.804,4.99
1149517,12,FS,2010-05-10T04:00:00Z,0.823,4.99
1149517,12,FS,2010-05-24T04:00:00Z,0.861,5.216
1149517,12,FS,2010-06-17T04:00:00Z,0.927,5.216
1149517,12,FS,2010-07-09T04:00:00Z,0.987,5.579
1149517,12,FS,2010-08-09T04:00:00Z,1.072,5.761
1149517,12,FS,2010-10-12T04:00:00Z,1.248,5.761
1149517,12,FS,2010-10-26T04:00:00Z,1.286,5.67
1149517,12,FS,2010-11-05T04:00:00Z,1.313,5.987
1149517,12,FS,2010-11-12T05:00:00Z,1.333,5.398
1149517,12,FS,2010-12-10T05:00:00Z,1.409,5.534
1149517,12,FS,2011-01-07T05:00:00Z,1.486,5.851
1149517,12,FS,2011-02-01T05:00:00Z,1.554,5.987
1149517,12,FS,2011-02-15T05:00:00Z,1.593,5.897
1149517,12,FS,2011-02-22T05:00:00Z,1.612,5.851
1149517,12,FS,2011-03-10T05:00:00Z,1.656,5.942
1149517,12,FS,2011-03-24T04:00:00Z,1.694,5.942
1149517,12,FS,2011-04-25T04:00:00Z,1.782,5.806
1149517,12,FS,2011-05-16T04:00:00Z,1.839,5.761
1149517,12,FS,2011-06-13T04:00:00Z,1.916,5.488
1149517,12,FS,2011-08-11T04:00:00Z,2.078,5.806
1149517,12,FS,2011-08-29T04:00:00Z,2.127,5.761
1149517,12,FS,2011-09-13T04:00:00Z,2.168,6.033
1149517,12,FS,2011-11-15T05:00:00Z,2.341,5.761
1149517,12,FS,2012-01-16T05:00:00Z,2.511,5.67
1149517,12,FS,2012-02-06T05:00:00Z,2.568,5.488
1149517,12,FS,2012-02-26T05:00:00Z,2.623,5.534
1149517,12,FS,2012-04-12T04:00:00Z,2.749,5.307
1149517,12,FS,2012-05-22T04:00:00Z,2.859,5.715
1149517,12,FS,2012-05-28T04:00:00Z,2.875,5.715
1149517,12,FS,2012-06-25T04:00:00Z,2.952,5.625
1475555,13,MN,2008-06-15T04:00:00Z,0.163,6.532
1475555,13,MN,2008-06-22T04:00:00Z,0.183,7.711
1475555,13,MN,2008-07-06T04:00:00Z,0.221,9.435
1475555,13,MN,2008-07-13T04:00:00Z,0.24,10.07
1475555,13,MN,2008-07-27T04:00:00Z,0.278,12.338
1475555,13,MN,2008-08-17T04:00:00Z,0.336,15.513
1475555,13,MN,2008-09-02T04:00:00Z,0.38,16.329
1475555,13,MN,2008-09-19T04:00:00Z,0.426,18.053
1475555,13,MN,2008-10-02T04:00:00Z,0.462,18.507
1475555,13,MN,2008-10-02T04:00:00Z,0.462,18.507
1475555,13,MN,2008-10-05T04:00:00Z,0.47,18.325
1475555,13,MN,2008-10-06T04:00:00Z,0.473,19.051
1475555,13,MN,2008-10-13T04:00:00Z,0.492,19.414
1475555,13,MN,2008-10-23T04:00:00Z,0.52,21.319
1475555,13,MN,2009-01-07T05:00:00Z,0.728,29.484
1475555,13,MN,2009-01-27T05:00:00Z,0.782,31.752
1475555,13,MN,2009-02-02T05:00:00Z,0.798,32.432
1475555,13,MN,2009-02-25T05:00:00Z,0.862,35.29
1475555,13,MN,2009-03-12T04:00:00Z,0.903,35.38
1475555,13,MN,2009-03-26T04:00:00Z,0.942,35.652
1475555,13,MN,2009-04-06T04:00:00Z,0.972,36.287
1475555,13,MN,2009-04-09T04:00:00Z,0.98,36.741
1475555,13,MN,2009-04-14T04:00:00Z,0.994,36.287
1475555,13,MN,2009-04-23T04:00:00Z,1.018,38.193
1475555,13,MN,2009-04-30T04:00:00Z,1.038,37.739
1475555,13,MN,2009-05-06T04:00:00Z,1.054,38.555
1475555,13,MN,2009-05-22T04:00:00Z,1.098,39.463
1475555,13,MN,2009-05-26T04:00:00Z,1.108,38.555
1475555,13,MN,2009-06-22T04:00:00Z,1.182,39.916
1475555,13,MN,2009-06-28T04:00:00Z,1.198,39.1
1475555,13,MN,2009-07-16T04:00:00Z,1.248,37.648
1475555,13,MN,2009-08-04T04:00:00Z,1.3,37.648
1475555,13,MN,2009-08-12T04:00:00Z,1.323,37.467
1475555,13,MN,2009-09-20T04:00:00Z,1.429,36.106
1475555,13,MN,2009-11-06T05:00:00Z,1.558,36.56
1475555,13,MN,2009-11-07T05:00:00Z,1.56,37.104
1475555,13,MN,2009-11-16T05:00:00Z,1.586,36.832
1475555,13,MN,2009-11-21T05:00:00Z,1.599,36.741
1475555,13,MN,2009-12-29T05:00:00Z,1.703,36.378
1475555,13,MN,2010-01-12T05:00:00Z,1.742,36.106
1475555,13,MN,2010-01-18T05:00:00Z,1.757,36.469
1475555,13,MN,2010-02-18T05:00:00Z,1.843,36.287
1475555,13,MN,2010-02-20T05:00:00Z,1.849,36.287
1475555,13,MN,2010-05-27T04:00:00Z,2.112,37.875
1475555,13,MN,2010-06-02T04:00:00Z,2.128,36.56
1475555,13,MN,2010-06-19T04:00:00Z,2.174,37.92
1475555,13,MN,2010-06-28T04:00:00Z,2.199,37.648
1475555,13,MN,2010-07-01T04:00:00Z,2.208,38.193
1475555,13,MN,2010-09-11T04:00:00Z,2.404,39.553
1475555,13,MN,2011-01-25T05:00:00Z,2.777,40.733
1475555,13,MN,2011-01-30T05:00:00Z,2.791,41.005
1475555,13,MN,2011-03-12T05:00:00Z,2.902,41.186
1908886,17,MN,2009-02-09T05:00:00Z,0.155,2.087
1908886,17,MN,2009-03-02T05:00:00Z,0.212,2.994
1908886,17,MN,2009-03-23T04:00:00Z,0.27,3.946
1908886,17,MN,2009-04-13T04:00:00Z,0.327,4.899
1908886,17,MN,2009-05-04T04:00:00Z,0.385,5.171
1908886,17,MN,2009-05-28T04:00:00Z,0.45,6.169
1908886,17,MN,2009-06-11T04:00:00Z,0.489,6.169
1908886,17,MN,2009-06-25T04:00:00Z,0.527,6.985
1908886,17,MN,2009-07-02T04:00:00Z,0.547,6.985
1908886,17,MN,2009-07-09T04:00:00Z,0.566,6.804
1908886,17,MN,2009-07-23T04:00:00Z,0.604,7.303
1908886,17,MN,2009-08-10T04:00:00Z,0.653,7.212
1908886,17,MN,2009-08-28T04:00:00Z,0.703,7.031
1908886,17,MN,2009-09-17T04:00:00Z,0.757,7.62
1908886,17,MN,2009-10-01T04:00:00Z,0.796,7.711
1908886,17,MN,2009-10-15T04:00:00Z,0.834,7.983
1908886,17,MN,2009-10-23T04:00:00Z,0.856,7.62
1908886,17,MN,2009-11-14T05:00:00Z,0.916,7.575
1908886,17,MN,2009-11-18T05:00:00Z,0.927,7.983
1908886,17,MN,2009-11-23T05:00:00Z,0.941,7.756
1908886,17,MN,2009-11-27T05:00:00Z,0.952,7.439
1908886,17,MN,2009-12-01T05:00:00Z,0.963,7.53
1908886,17,MN,2009-12-05T05:00:00Z,0.974,8.074
1908886,17,MN,2009-12-09T05:00:00Z,0.985,8.573
1908886,17,MN,2009-12-14T05:00:00Z,0.998,8.573
1908886,17,MN,2009-12-18T05:00:00Z,1.009,8.165
1908886,17,MN,2009-12-22T05:00:00Z,1.02,8.301
1908886,17,MN,2009-12-29T05:00:00Z,1.039,8.437
1908886,17,MN,2010-01-06T05:00:00Z,1.061,8.165
1908886,17,MN,2010-01-13T05:00:00Z,1.08,7.847
1908886,17,MN,2010-01-20T05:00:00Z,1.1,8.255
1908886,17,MN,2010-01-27T05:00:00Z,1.119,8.165
1908886,17,MN,2010-01-30T05:00:00Z,1.127,8.165
1908886,17,MN,2010-02-02T05:00:00Z,1.135,8.528
1908886,17,MN,2010-02-09T05:00:00Z,1.155,8.482
1908886,17,MN,2010-02-16T05:00:00Z,1.174,8.437
1908886,17,MN,2010-02-23T05:00:00Z,1.193,8.709
1908886,17,MN,2010-03-02T05:00:00Z,1.212,8.618
1908886,17,MN,2010-03-06T05:00:00Z,1.223,8.482
1908886,17,MN,2010-03-13T05:00:00Z,1.242,8.482
1908886,17,MN,2010-03-15T04:00:00Z,1.248,7.666
1908886,17,MN,2010-03-16T04:00:00Z,1.25,7.394
1908886,17,MN,2010-03-25T04:00:00Z,1.275,7.847
1908886,17,MN,2010-03-30T04:00:00Z,1.289,7.893
1908886,17,MN,2010-04-13T04:00:00Z,1.327,8.119
1908886,17,MN,2010-04-13T04:00:00Z,1.328,8.119
1908886,17,MN,2010-04-27T04:00:00Z,1.366,8.346
1908886,17,MN,2010-05-03T04:00:00Z,1.382,7.62
1908886,17,MN,2010-05-11T04:00:00Z,1.404,8.573
1908886,17,MN,2010-05-25T04:00:00Z,1.442,9.117
1908886,17,MN,2010-06-08T04:00:00Z,1.481,8.936
1908886,17,MN,2010-06-22T04:00:00Z,1.519,9.299
1908886,17,MN,2010-06-30T04:00:00Z,1.541,9.525
1908886,17,MN,2010-07-06T04:00:00Z,1.557,8.89
1908886,17,MN,2010-07-13T04:00:00Z,1.576,9.208
1908886,17,MN,2010-07-20T04:00:00Z,1.596,9.299
1908886,17,MN,2010-09-24T04:00:00Z,1.776,9.389
1908886,17,MN,2011-03-24T04:00:00Z,2.272,11.113
1908886,17,MN,2011-09-23T04:00:00Z,2.774,11.612
1908886,17,MN,2011-10-14T04:00:00Z,2.831,10.886
784193,8,MN,2005-09-06T04:00:00Z,0.144,1.678
784193,8,MN,2005-09-06T04:00:00Z,0.144,1.678
784193,8,MN,2005-09-10T04:00:00Z,0.155,1.86
784193,8,MN,2005-09-10T04:00:00Z,0.155,1.86
784193,8,MN,2005-10-01T04:00:00Z,0.212,2.495
784193,8,MN,2005-10-01T04:00:00Z,0.212,2.495
784193,8,MN,2005-10-28T04:00:00Z,0.286,3.674
784193,8,MN,2005-10-28T04:00:00Z,0.286,3.674
784193,8,MN,2005-11-18T05:00:00Z,0.343,4.037
784193,8,MN,2005-11-18T05:00:00Z,0.343,4.037
784193,8,MN,2005-12-09T05:00:00Z,0.401,4.037
784193,8,MN,2005-12-09T05:00:00Z,0.401,4.037
784193,8,MN,2006-01-19T05:00:00Z,0.513,4.717
784193,8,MN,2006-01-19T05:00:00Z,0.513,4.717
784193,8,MN,2006-01-20T05:00:00Z,0.516,4.717
784193,8,MN,2006-01-20T05:00:00Z,0.516,4.717
784193,8,MN,2006-01-26T05:00:00Z,0.534,5.08
784193,8,MN,2006-01-26T05:00:00Z,0.534,5.08
784193,8,MN,2006-04-20T04:00:00Z,0.763,5.579
784193,8,MN,2006-04-20T04:00:00Z,0.763,5.579
784193,8,MN,2006-05-20T04:00:00Z,0.845,5.171
784193,8,MN,2006-05-20T04:00:00Z,0.845,5.171
784193,8,MN,2006-06-02T04:00:00Z,0.88,5.398
784193,8,MN,2006-06-02T04:00:00Z,0.88,5.398
784193,8,MN,2006-06-16T04:00:00Z,0.919,5.262
784193,8,MN,2006-06-16T04:00:00Z,0.919,5.262
784193,8,MN,2006-06-23T04:00:00Z,0.938,0.726
784193,8,MN,2006-06-23T04:00:00Z,0.938,0.726
784193,8,MN,2006-08-12T04:00:00Z,1.075,5.126
784193,8,MN,2006-08-12T04:00:00Z,1.075,5.126
784193,8,MN,2006-08-22T04:00:00Z,1.102,5.352
784193,8,MN,2006-08-22T04:00:00Z,1.102,5.352
784193,8,MN,2006-08-30T04:00:00Z,1.124,5.262
784193,8,MN,2006-08-30T04:00:00Z,1.124,5.262
784193,8,MN,2006-10-23T04:00:00Z,1.272,5.534
784193,8,MN,2006-10-23T04:00:00Z,1.272,5.534
784193,8,MN,2007-01-19T05:00:00Z,1.514,5.488
784193,8,MN,2007-01-19T05:00:00Z,1.514,5.488
784193,8,MN,2007-01-22T05:00:00Z,1.522,5.352
784193,8,MN,2007-01-22T05:00:00Z,1.522,5.352
784193,8,MN,2007-01-25T05:00:00Z,1.53,5.352
784193,8,MN,2007-01-25T05:00:00Z,1.53,5.352
784193,8,MN,2007-01-29T05:00:00Z,1.542,5.216
784193,8,MN,2007-01-29T05:00:00Z,1.542,5.216
784193,8,MN,2007-02-03T05:00:00Z,1.554,5.67
784193,8,MN,2007-02-03T05:00:00Z,1.554,5.67
784193,8,MN,2007-02-23T05:00:00Z,1.609,5.262
784193,8,MN,2007-02-23T05:00:00Z,1.609,5.262
784193,8,MN,2007-04-10T04:00:00Z,1.735,5.534
784193,8,MN,2007-04-10T04:00:00Z,1.735,5.534
784193,8,MN,2007-06-15T04:00:00Z,1.916,5.352
784193,8,MN,2007-06-15T04:00:00Z,1.916,5.352
784193,8,MN,2007-12-04T05:00:00Z,2.387,5.715
784193,8,MN,2007-12-04T05:00:00Z,2.387,5.715
784193,8,MN,2008-05-10T04:00:00Z,2.82,6.169
784193,8,MN,2008-05-10T04:00:00Z,2.82,6.169
784193,8,MN,2008-05-17T04:00:00Z,2.839,6.214
784193,8,MN,2008-05-17T04:00:00Z,2.839,6.214
784193,8,MN,2008-06-17T04:00:00Z,2.924,6.305
784193,8,MN,2008-06-17T04:00:00Z,2.924,6.305
1052925,12,M,2003-09-12T04:00:00Z,0.204,0.816
1052925,12,M,2003-09-25T04:00:00Z,0.24,1.089
1052925,12,M,2003-10-03T04:00:00Z,0.261,1.089
1052925,12,M,2003-10-10T04:00:00Z,0.281,1.451
1052925,12,M,2003-10-17T04:00:00Z,0.3,1.451
1052925,12,M,2003-10-24T04:00:00Z,0.319,1.678
1052925,12,M,2003-10-31T05:00:00Z,0.338,1.905
1052925,12,M,2003-11-07T05:00:00Z,0.357,1.996
1052925,12,M,2003-11-14T05:00:00Z,0.377,1.769
1052925,12,M,2003-11-16T05:00:00Z,0.382,1.905
1052925,12,M,2003-11-21T05:00:00Z,0.396,1.86
1052925,12,M,2003-11-28T05:00:00Z,0.415,2.041
1052925,12,M,2003-12-11T05:00:00Z,0.45,2.223
1052925,12,M,2003-12-19T05:00:00Z,0.472,2.223
1052925,12,M,2004-01-02T05:00:00Z,0.511,2.359
1052925,12,M,2004-01-19T05:00:00Z,0.557,2.177
1052925,12,M,2004-01-23T05:00:00Z,0.568,2.359
1052925,12,M,2004-01-26T05:00:00Z,0.576,2.449
1052925,12,M,2004-01-26T05:00:00Z,0.576,2.449
1052925,12,M,2004-01-30T05:00:00Z,0.587,2.268
1052925,12,M,2004-02-03T05:00:00Z,0.598,2.313
1052925,12,M,2004-02-09T05:00:00Z,0.615,2.449
1052925,12,M,2004-02-13T05:00:00Z,0.626,2.359
1052925,12,M,2004-02-16T05:00:00Z,0.634,2.722
1052925,12,M,2004-02-20T05:00:00Z,0.645,2.812
1052925,12,M,2004-02-23T05:00:00Z,0.653,2.722
1052925,12,M,2004-03-01T05:00:00Z,0.672,2.722
1052925,12,M,2004-03-08T05:00:00Z,0.691,2.722
1052925,12,M,2004-03-22T05:00:00Z,0.73,2.812
1052925,12,M,2004-04-19T04:00:00Z,0.807,2.858
1052925,12,M,2004-05-03T04:00:00Z,0.845,3.084
1052925,12,M,2004-05-17T04:00:00Z,0.883,3.039
1052925,12,M,2004-05-31T04:00:00Z,0.922,3.311
1052925,12,M,2004-06-14T04:00:00Z,0.96,3.039
1052925,12,M,2004-06-28T04:00:00Z,0.998,3.221
1052925,12,M,2004-07-15T04:00:00Z,1.045,3.084
1052925,12,M,2004-07-26T04:00:00Z,1.075,3.084
1052925,12,M,2004-08-09T04:00:00Z,1.113,3.084
1052925,12,M,2004-08-23T04:00:00Z,1.152,3.084
1052925,12,M,2004-08-27T04:00:00Z,1.163,3.311
1052925,12,M,2004-09-13T04:00:00Z,1.209,3.266
1052925,12,M,2004-10-04T04:00:00Z,1.267,3.266
1052925,12,M,2004-10-26T04:00:00Z,1.327,3.175
1052925,12,M,2004-11-15T05:00:00Z,1.382,3.084
1052925,12,M,2004-11-22T05:00:00Z,1.402,3.084
1052925,12,M,2004-11-26T05:00:00Z,1.412,3.084
1052925,12,M,2004-12-06T05:00:00Z,1.439,2.858
1052925,12,M,2005-01-27T05:00:00Z,1.583,3.765
1052925,12,M,2005-02-04T05:00:00Z,1.604,3.719
1052925,12,M,2005-03-18T05:00:00Z,1.72,3.992
1052925,12,M,2005-04-22T04:00:00Z,1.815,3.992
1052925,12,M,2005-05-19T04:00:00Z,1.889,3.946
1052925,12,M,2005-06-17T04:00:00Z,1.969,4.082
1052925,12,M,2005-08-12T04:00:00Z,2.122,3.538
1052925,12,M,2005-10-28T04:00:00Z,2.333,3.674
1052925,12,M,2006-02-17T05:00:00Z,2.639,3.719
1052925,12,M,2006-02-21T05:00:00Z,2.65,3.719
1052925,12,M,2006-03-01T05:00:00Z,2.672,3.765
1052925,12,M,2006-03-14T05:00:00Z,2.708,3.674
1052925,12,M,2006-06-13T04:00:00Z,2.957,3.583
1052925,12,M,2006-06-20T04:00:00Z,2.976,3.583
2903967,27,MN,2004-03-31T05:00:00Z,0.416,6.124
2903967,27,MN,2004-04-08T04:00:00Z,0.436,6.759
2903967,27,MN,2004-04-17T04:00:00Z,0.462,7.076
2903967,27,MN,2004-04-28T04:00:00Z,0.492,7.121
2903967,27,MN,2004-05-12T04:00:00Z,0.531,7.575
2903967,27,MN,2004-05-29T04:00:00Z,0.577,7.983
2903967,27,MN,2004-08-14T04:00:00Z,0.787,9.117
2903967,27,MN,2004-09-24T04:00:00Z,0.9,9.934
2903967,27,MN,2004-10-08T04:00:00Z,0.938,9.843
2903967,27,MN,2004-10-12T04:00:00Z,0.949,8.664
2903967,27,MN,2004-10-26T04:00:00Z,0.987,9.571
2903967,27,MN,2004-10-26T04:00:00Z,0.987,9.571
2903967,27,MN,2004-11-03T05:00:00Z,1.01,8.8
2903967,27,MN,2004-11-10T05:00:00Z,1.029,9.752
2903967,27,MN,2004-11-20T05:00:00Z,1.056,9.616
2903967,27,MN,2004-12-04T05:00:00Z,1.095,9.525
2903967,27,MN,2004-12-18T05:00:00Z,1.133,9.253
2903967,27,MN,2004-12-27T05:00:00Z,1.157,9.344
2903967,27,MN,2005-01-03T05:00:00Z,1.177,9.389
2903967,27,MN,2005-01-05T05:00:00Z,1.182,9.435
2903967,27,MN,2005-01-19T05:00:00Z,1.22,9.616
2903967,27,MN,2005-02-01T05:00:00Z,1.256,9.48
2903967,27,MN,2005-02-15T05:00:00Z,1.294,9.525
2903967,27,MN,2005-03-02T05:00:00Z,1.335,9.525
2903967,27,MN,2005-03-18T05:00:00Z,1.379,9.707
2903967,27,MN,2005-04-20T04:00:00Z,1.469,9.707
2903967,27,MN,2005-05-13T04:00:00Z,1.532,9.662
2903967,27,MN,2005-06-13T04:00:00Z,1.617,9.48
2903967,27,MN,2005-07-22T04:00:00Z,1.724,9.707
2903967,27,MN,2005-08-09T04:00:00Z,1.774,9.525
2903967,27,MN,2005-08-16T04:00:00Z,1.793,9.48
2903967,27,MN,2005-09-30T04:00:00Z,1.917,9.707
2903967,27,MN,2005-10-11T04:00:00Z,1.946,9.571
2903967,27,MN,2005-11-17T05:00:00Z,2.048,9.435
2903967,27,MN,2005-11-29T05:00:00Z,2.08,9.389
2903967,27,MN,2005-12-28T05:00:00Z,2.16,9.662
2903967,27,MN,2006-01-05T05:00:00Z,2.182,9.707
2903967,27,MN,2006-01-18T05:00:00Z,2.217,9.117
2903967,27,MN,2006-03-07T05:00:00Z,2.349,10.115
2903967,27,MN,2006-03-15T05:00:00Z,2.371,9.888
2903967,27,MN,2006-04-26T04:00:00Z,2.486,9.344
2903967,27,MN,2006-05-03T04:00:00Z,2.505,8.482
2903967,27,MN,2006-05-26T04:00:00Z,2.568,9.208
2903967,27,MN,2006-06-03T04:00:00Z,2.59,8.8
2903967,27,MN,2006-06-09T04:00:00Z,2.606,9.48
2903967,27,MN,2006-06-16T04:00:00Z,2.626,8.981
2903967,27,MN,2006-07-07T04:00:00Z,2.683,9.344
2903967,27,MN,2006-07-14T04:00:00Z,2.703,9.48
2903967,27,MN,2006-07-26T04:00:00Z,2.735,9.117
2903967,27,MN,2006-08-02T04:00:00Z,2.754,8.981
2903967,27,MN,2006-09-27T04:00:00Z,2.908,9.344
2903967,27,MN,2006-10-14T04:00:00Z,2.954,8.346
